{
    "name": "sign",
    "uvs": [[0.737148,0.420951,0.262852,0.420951,0.266474,0.422158,0.733526,0.422158,0.737148,0.579049,0.733526,0.577842,0.266474,0.577842,0.262852,0.579049,1,0,1,1,0,1,0,0]],
    "vertices": [0.214285,-3.99373,-11.9812,0.214282,-3.99372,11.9812,-0.214285,-3.99372,11.9812,-0.214282,-3.99373,-11.9812,0.214285,3.99372,-11.9812,0.214282,3.99373,11.9812,-0.214285,3.99373,11.9812,-0.214282,3.99372,-11.9812],
    "metadata": {
        "version": 3,
        "generator": "io_three",
        "normals": 8,
        "materials": 2,
        "faces": 6,
        "uvs": 1,
        "type": "Geometry",
        "vertices": 8
    },
    "faces": [43,0,1,2,3,0,0,1,2,3,0,1,2,3,43,4,7,6,5,0,4,5,6,7,4,5,6,7,43,0,4,5,1,0,0,4,7,1,0,4,7,1,43,1,5,6,2,0,1,7,6,2,1,7,6,2,43,2,6,7,3,1,8,9,10,11,2,6,5,3,43,4,0,3,7,0,4,0,3,5,4,0,3,5],
    "materials": [{
        "depthWrite": true,
        "blending": "NormalBlending",
        "DbgIndex": 0,
        "transparent": false,
        "opacity": 1,
        "DbgName": "Background",
        "DbgColor": 15658734,
        "shading": "basic",
        "wireframe": false,
        "visible": true,
        "colorDiffuse": [0.014444,0.0185,0.028426],
        "depthTest": true
    },{
        "depthWrite": true,
        "mapDiffuse": "sign.jpg",
        "mapDiffuseAnisotropy": 1,
        "blending": "NormalBlending",
        "DbgIndex": 1,
        "transparent": false,
        "opacity": 1,
        "DbgName": "Text",
        "mapDiffuseRepeat": [1,1],
        "DbgColor": 15597568,
        "shading": "basic",
        "wireframe": false,
        "visible": true,
        "mapDiffuseWrap": ["RepeatWrapping","RepeatWrapping"],
        "colorDiffuse": [1,1,1],
        "depthTest": true
    }],
    "normals": [0.577349,-0.577349,-0.577319,0.577319,-0.577349,0.577349,-0.577349,-0.577319,0.577319,-0.577319,-0.577349,-0.577349,0.577349,0.577349,-0.577319,-0.577319,0.577349,-0.577349,-0.577349,0.577349,0.577319,0.577319,0.577319,0.577349]
}